{"cameraMode":{"drawMode":0,"name":"Shaded","section":"Shading Mode"},"sceneLighting":true,"audioPlay":false,"sceneViewState":{"showFog":true,"showMaterialUpdate":false,"showSkybox":true,"showFlares":true,"showImageEffects":true,"showParticleSystems":true},"in2DMode":false,"pivot":{"x":6.990133762359619,"y":0.2306133210659027,"z":0.7978442311286926},"rotation":{"x":0.03449135273694992,"y":0.0008993860683403909,"z":-0.00003096252112300135,"w":0.999406099319458},"size":0.3186117112636566,"orthographic":true}